<?xml version="1.0" encoding="UTF-8"?>
<project-private xmlns="http://www.netbeans.org/ns/project-private/1">
    <editor-bookmarks xmlns="http://www.netbeans.org/ns/editor-bookmarks/2" lastBookmarkId="0"/>
    <open-files xmlns="http://www.netbeans.org/ns/projectui-open-files/2">
        <group>
            <file>file:/home/derek/MPLABXProjects/Railv1pic16f18445.X/i2c_pp.h</file>
            <file>file:/home/derek/MPLABXProjects/Railv1pic16f18445.X/main.c</file>
            <file>file:/home/derek/MPLABXProjects/Railv1pic16f18445.X/i2c_pp.c</file>
        </group>
    </open-files>
</project-private>
